,dbn,school_name,borough,location,trees,crashes,pc,shootings,arrests,programs,bins
0,01M292,Henry Street School for International Studies,Manhattan,"(40.713684, -73.986336)",3.0,21.0,5.0,14.0,73.0,17.0,1.0
1,01M448,University Neighborhood High School,Manhattan,"(40.712399, -73.984497)",3.0,15.0,5.0,13.0,54.0,12.0,0.0
2,01M450,East Side Community School,Manhattan,"(40.729589, -73.982555)",28.0,18.0,4.0,6.0,15.0,2.0,3.0
3,01M509,Marta Valle High School,Manhattan,"(40.720581, -73.985645)",55.0,27.0,3.0,22.0,44.0,13.0,2.0
4,01M539,"New Explorations into Science, Technology and Math High School",Manhattan,"(40.718895, -73.979308)",28.0,17.0,5.0,28.0,32.0,4.0,9.0
5,01M696,Bard High School Early College,Manhattan,"(40.719029, -73.975891)",2.0,11.0,3.0,15.0,26.0,0.0,10.0
6,02M047,47 The American Sign Language and English Secondary School,Manhattan,"(40.738548, -73.982455)",88.0,24.0,2.0,4.0,58.0,0.0,1.0
7,02M135,The Urban Assembly School for Emergency Management,Manhattan,"(40.711442, -74.000851)",28.0,12.0,3.0,18.0,63.0,3.0,20.0
8,02M139,Stephen T. Mather Building Arts & Craftsmanship High School,Manhattan,"(40.76337, -73.990593)",78.0,24.0,1.0,6.0,64.0,0.0,1.0
9,02M260,M.S. 260 Clinton School Writers & Artists,Manhattan,"(40.753091, -73.99764)",,,,,,,
10,02M280,Manhattan Early College School for Advertising,Manhattan,"(40.711442, -74.000851)",,,,,,,
11,02M282,Urban Assembly Maker Academy,Manhattan,"(40.711442, -74.000851)",28.0,12.0,3.0,18.0,63.0,3.0,20.0
12,02M288,Food and Finance High School,Manhattan,"(40.765184, -73.992953)",57.0,17.0,2.0,4.0,16.0,0.0,0.0
13,02M294,Essex Street Academy,Manhattan,"(40.716778, -73.989337)",26.0,28.0,1.0,7.0,85.0,10.0,2.0
14,02M296,High School of Hospitality Management,Manhattan,"(40.765184, -73.992953)",57.0,17.0,2.0,4.0,16.0,0.0,0.0
15,02M298,Pace High School,Manhattan,"(40.716553, -73.993092)",37.0,36.0,3.0,7.0,70.0,8.0,2.0
16,02M300,"Urban Assembly School of Design and Construction, The",Manhattan,"(40.765184, -73.992953)",57.0,17.0,2.0,4.0,16.0,0.0,0.0
17,02M303,"Facing History School, The",Manhattan,"(40.765184, -73.992953)",57.0,17.0,2.0,4.0,16.0,0.0,0.0
18,02M305,"Urban Assembly Academy of Government and Law, The",Manhattan,"(40.716778, -73.989337)",26.0,28.0,1.0,7.0,85.0,10.0,2.0
19,02M308,Lower Manhattan Arts Academy,Manhattan,"(40.716778, -73.989337)",26.0,28.0,1.0,7.0,85.0,10.0,2.0
20,02M316,"Urban Assembly School of Business for Young Women, the",Manhattan,"(40.70568, -74.013302)",7.0,12.0,0.0,4.0,10.0,0.0,7.0
21,02M374,Gramercy Arts High School,Manhattan,"(40.735494, -73.987659)",9.0,19.0,0.0,8.0,90.0,1.0,7.0
22,02M376,NYC iSchool,Manhattan,"(40.7244, -74.004625)",8.0,34.0,0.0,2.0,52.0,5.0,1.0
23,02M392,MANHATTAN BUSINESS ACADEMY,Manhattan,"(40.742867, -74.002136)",4.0,21.0,0.0,8.0,72.0,0.0,4.0
24,02M393,BUSINESS OF SPORTS SCHOOL,Manhattan,"(40.76337, -73.990593)",78.0,24.0,1.0,6.0,64.0,0.0,1.0
25,02M399,THE HIGH SCHOOL FOR LANGUAGE AND DIPLOMACY,Manhattan,"(40.735494, -73.987659)",9.0,19.0,0.0,8.0,90.0,1.0,7.0
26,02M400,High School for Environmental Studies,Manhattan,"(40.767791, -73.987531)",77.0,15.0,3.0,5.0,68.0,0.0,0.0
27,02M407,Institute for Collaborative Education,Manhattan,"(40.732447, -73.983031)",27.0,13.0,1.0,7.0,23.0,2.0,0.0
28,02M408,Professional Performing Arts High School,Manhattan,"(40.761448, -73.988019)",76.0,38.0,2.0,6.0,112.0,0.0,1.0
29,02M411,Baruch College Campus High School,Manhattan,"(40.74193, -73.986521)",20.0,25.0,0.0,6.0,18.0,0.0,0.0
30,02M412,N.Y.C. Lab School for Collaborative Studies,Manhattan,"(40.742129, -74.002198)",5.0,20.0,0.0,8.0,71.0,0.0,3.0
31,02M413,School of the Future High School,Manhattan,"(40.738952, -73.985479)",42.0,28.0,2.0,8.0,63.0,1.0,3.0
32,02M414,N.Y.C. Museum School,Manhattan,"(40.742129, -74.002198)",5.0,20.0,0.0,8.0,71.0,0.0,3.0
33,02M416,Eleanor Roosevelt High School,Manhattan,"(40.770187, -73.953608)",58.0,18.0,3.0,0.0,7.0,0.0,1.0
34,02M418,Millennium High School,Manhattan,"(40.704487, -74.011556)",3.0,11.0,0.0,4.0,10.0,0.0,8.0
35,02M419,Landmark High School,Manhattan,"(40.742867, -74.002136)",4.0,21.0,0.0,8.0,72.0,0.0,4.0
36,02M420,High School for Health Professions and Human Services,Manhattan,"(40.732447, -73.983031)",27.0,13.0,1.0,7.0,23.0,2.0,0.0
37,02M422,Quest to Learn,Manhattan,"(40.742867, -74.002136)",4.0,21.0,0.0,8.0,72.0,0.0,4.0
38,02M425,Leadership and Public Service High School,Manhattan,"(40.70873, -74.012332)",10.0,17.0,0.0,4.0,31.0,3.0,3.0
39,02M427,MANHATTAN ACADEMY FOR ARTS & LANGUAGE,Manhattan,"(40.746176, -73.981241)",52.0,27.0,2.0,2.0,20.0,0.0,0.0
40,02M432,Murray Hill Academy,Manhattan,"(40.746176, -73.981241)",52.0,27.0,2.0,2.0,20.0,0.0,0.0
41,02M437,Hudson High School of Learning Technologies,Manhattan,"(40.742867, -74.002136)",4.0,21.0,0.0,8.0,72.0,0.0,4.0
42,02M438,International High School at Union Square,Manhattan,"(40.735494, -73.987659)",9.0,19.0,0.0,8.0,90.0,1.0,7.0
43,02M439,Manhattan Village Academy,Manhattan,"(40.741497, -73.991512)",2.0,24.0,3.0,9.0,30.0,0.0,0.0
44,02M449,Vanguard High School,Manhattan,"(40.765359, -73.960059)",73.0,26.0,1.0,3.0,50.0,0.0,1.0
45,02M459,Manhattan International High School,Manhattan,"(40.765359, -73.960059)",73.0,26.0,1.0,3.0,50.0,0.0,1.0
46,02M475,Stuyvesant High School,Manhattan,"(40.71759, -74.013748)",0.0,11.0,1.0,0.0,5.0,1.0,8.0
47,02M489,High School of Economics and Finance,Manhattan,"(40.709196, -74.012022)",5.0,17.0,0.0,4.0,31.0,3.0,3.0
48,02M500,Unity Center for Urban Technologies,Manhattan,"(40.746176, -73.981241)",52.0,27.0,2.0,2.0,20.0,0.0,0.0
49,02M507,Urban Assembly Gateway School for Technology,Manhattan,"(40.76337, -73.990593)",78.0,24.0,1.0,6.0,64.0,0.0,1.0
50,02M519,Talent Unlimited High School,Manhattan,"(40.765359, -73.960059)",73.0,26.0,1.0,3.0,50.0,0.0,1.0
51,02M520,Murry Bergtraum High School for Business Careers,Manhattan,"(40.711442, -74.000851)",28.0,12.0,3.0,18.0,63.0,3.0,20.0
52,02M529,Jacqueline Kennedy Onassis High School,Manhattan,"(40.757729, -73.983078)",15.0,27.0,1.0,4.0,64.0,1.0,3.0
53,02M531,Repertory Company High School for Theatre Arts,Manhattan,"(40.755843, -73.984382)",15.0,29.0,2.0,5.0,70.0,1.0,4.0
54,02M533,Union Square Academy for Health Sciences,Manhattan,"(40.735494, -73.987659)",9.0,19.0,0.0,8.0,90.0,1.0,7.0
55,02M534,Harvest Collegiate High School,Manhattan,"(40.736518, -73.994858)",19.0,20.0,2.0,2.0,52.0,0.0,7.0
56,02M542,Manhattan Bridges High School,Manhattan,"(40.765184, -73.992953)",57.0,17.0,2.0,4.0,16.0,0.0,0.0
57,02M543,New Design High School,Manhattan,"(40.716778, -73.989337)",26.0,28.0,1.0,7.0,85.0,10.0,2.0
58,02M545,High School for Dual Language and Asian Studies,Manhattan,"(40.716778, -73.989337)",26.0,28.0,1.0,7.0,85.0,10.0,2.0
59,02M546,Academy for Software Engineering,Manhattan,"(40.735494, -73.987659)",9.0,19.0,0.0,8.0,90.0,1.0,7.0
60,02M551,Urban Assembly New York Harbor School,Manhattan,"(40.701695, -74.011631)",0.0,4.0,0.0,1.0,4.0,0.0,4.0
61,02M580,Richard R. Green High School of Teaching,Manhattan,"(40.70568, -74.013302)",7.0,12.0,0.0,4.0,10.0,0.0,7.0
62,02M600,The High School of Fashion Industries,Manhattan,"(40.745156, -73.996074)",10.0,25.0,4.0,8.0,63.0,0.0,0.0
63,02M605,Humanities Preparatory Academy,Manhattan,"(40.742867, -74.002136)",4.0,21.0,0.0,8.0,72.0,0.0,4.0
64,02M615,Chelsea Career and Technical Education High School,Manhattan,"(40.7244, -74.004625)",8.0,34.0,0.0,2.0,52.0,5.0,1.0
65,02M630,Art and Design High School,Manhattan,"(40.75924, -73.967203)",12.0,42.0,2.0,0.0,58.0,2.0,2.0
66,02M655,Life Sciences Secondary School,Manhattan,"(40.783625, -73.945637)",15.0,28.0,3.0,9.0,23.0,9.0,1.0
67,03M299,"High School for Arts, Imagination and Inquiry",Manhattan,"(40.774351, -73.984753)",88.0,7.0,5.0,7.0,20.0,0.0,2.0
68,03M307,"Urban Assembly School for Media Studies, The",Manhattan,"(40.774351, -73.984753)",88.0,7.0,5.0,7.0,20.0,0.0,2.0
69,03M402,The Urban Assembly School for Green Careers,Manhattan,"(40.785803, -73.974614)",183.0,24.0,1.0,7.0,32.0,0.0,4.0
70,03M403,The Global Learning Collaborative,Manhattan,"(40.785803, -73.974614)",183.0,24.0,1.0,7.0,32.0,0.0,4.0
71,03M415,Wadleigh Secondary School for the Performing & Visual Arts,Manhattan,"(40.802207, -73.954142)",57.0,33.0,1.0,59.0,28.0,1.0,3.0
72,03M417,FRANK McCOURT HIGH SCHOOL,Manhattan,"(40.785803, -73.974614)",183.0,24.0,1.0,7.0,32.0,0.0,4.0
73,03M479,Beacon High School,Manhattan,"(40.772007, -73.987479)",59.0,15.0,5.0,7.0,11.0,0.0,1.0
74,03M485,Fiorello H. LaGuardia High School of Music & Art and Performing Arts,Manhattan,"(40.773629, -73.985273)",98.0,8.0,5.0,7.0,21.0,0.0,2.0
75,03M492,"High School for Law, Advocacy and Community Justice",Manhattan,"(40.774351, -73.984753)",88.0,7.0,5.0,7.0,20.0,0.0,2.0
76,08X320,Pelham Lab High School,Bronx,"(40.840702, -73.838545)",9.0,10.0,1.0,2.0,10.0,0.0,2.0
77,03M494,High School of Arts and Technology,Manhattan,"(40.774351, -73.984753)",88.0,7.0,5.0,7.0,20.0,0.0,2.0
78,03M541,Manhattan / Hunter Science High School,Manhattan,"(40.774351, -73.984753)",88.0,7.0,5.0,7.0,20.0,0.0,2.0
79,03M859,Special Music School,Manhattan,"(40.774919, -73.982745)",65.0,13.0,4.0,7.0,23.0,0.0,3.0
80,12X479,Bronx Career and College Preparatory High School,Bronx,"(40.827743, -73.900105)",,,,,,,
81,03M860,Frederick Douglass Academy II Secondary School,Manhattan,"(40.802207, -73.954142)",57.0,33.0,1.0,59.0,28.0,1.0,3.0
82,04M372,ESPERANZA PREPARATORY ACADEMY,Manhattan,"(40.79307, -73.942303)",3.0,28.0,5.0,67.0,40.0,1.0,1.0
83,04M409,Coalition School for Social Change,Manhattan,"(40.798884, -73.933319)",0.0,35.0,2.0,45.0,53.0,6.0,1.0
84,04M435,Manhattan Center for Science and Mathematics,Manhattan,"(40.793856, -73.934028)",0.0,16.0,2.0,30.0,36.0,4.0,2.0
85,04M495,Park East High School,Manhattan,"(40.790543, -73.944356)",30.0,32.0,4.0,80.0,71.0,0.0,1.0
86,04M555,Central Park East High School,Manhattan,"(40.793763, -73.949381)",3.0,27.0,2.0,64.0,47.0,2.0,0.0
87,04M610,Young Women's Leadership School,Manhattan,"(40.792741, -73.947428)",3.0,32.0,4.0,79.0,76.0,2.0,0.0
88,04M680,"Heritage School, The",Manhattan,"(40.791881, -73.946558)",19.0,36.0,4.0,80.0,74.0,2.0,0.0
89,05M148,Eagle Academy for Young Men of Harlem,Manhattan,"(40.817372, -73.947712)",,,,,,,
90,05M157,The Urban Assembly School for Global Commerce,Manhattan,"(40.807383, -73.939433)",0.0,34.0,3.0,66.0,81.0,1.0,3.0
91,05M304,Mott Hall High School,Manhattan,"(40.817372, -73.947712)",2.0,22.0,0.0,58.0,53.0,0.0,3.0
92,05M362,Columbia Secondary School,Manhattan,"(40.810431, -73.955809)",20.0,35.0,3.0,60.0,77.0,2.0,1.0
93,05M367,Academy for Social Action: A College Board School,Manhattan,"(40.815256, -73.955325)",3.0,22.0,4.0,57.0,54.0,1.0,0.0
94,05M369,Urban Assembly School for the Performing Arts,Manhattan,"(40.815256, -73.955325)",3.0,22.0,4.0,57.0,54.0,1.0,0.0
95,05M499,Frederick Douglass Academy,Manhattan,"(40.824319, -73.93712)",0.0,30.0,3.0,42.0,26.0,1.0,3.0
96,05M670,Thurgood Marshall Academy for Learning and Social Change,Manhattan,"(40.815509, -73.944202)",1.0,25.0,6.0,84.0,69.0,2.0,2.0
97,05M692,"High School for Mathematics, Science and Engineering at City College",Manhattan,"(40.82074, -73.949097)",3.0,11.0,0.0,43.0,27.0,1.0,2.0
98,06M211,Inwood Early College for Health and Information Technologies,Manhattan,"(40.866053, -73.924835)",,,,,,,
99,06M293,City College Academy of the Arts,Manhattan,"(40.86079, -73.930672)",8.0,13.0,1.0,27.0,15.0,5.0,1.0
100,06M346,Community Health Academy of the Heights,Manhattan,"(40.833687, -73.942072)",37.0,34.0,4.0,36.0,32.0,0.0,1.0
101,06M348,Washington Heights Expeditionary Learning School,Manhattan,"(40.848908, -73.930948)",0.0,33.0,1.0,23.0,54.0,5.0,1.0
102,06M423,High School for Excellence and Innovation,Manhattan,"(40.866053, -73.924835)",8.0,26.0,1.0,36.0,30.0,6.0,2.0
103,06M462,The College Academy,Manhattan,"(40.855954, -73.927051)",1.0,9.0,0.0,29.0,21.0,8.0,0.0
104,06M463,High School for Media and Communications,Manhattan,"(40.855954, -73.927051)",1.0,9.0,0.0,29.0,21.0,8.0,0.0
105,06M467,High School for Law and Public Service,Manhattan,"(40.855954, -73.927051)",1.0,9.0,0.0,29.0,21.0,8.0,0.0
106,06M468,High School for Health Careers and Sciences,Manhattan,"(40.855954, -73.927051)",1.0,9.0,0.0,29.0,21.0,8.0,0.0
107,06M540,A. Philip Randolph Campus High School,Manhattan,"(40.818188, -73.950356)",2.0,20.0,1.0,45.0,24.0,0.0,2.0
108,06M552,Gregorio Luperon High School for Science and Mathematics,Manhattan,"(nan, nan)",0.0,0.0,0.0,0.0,0.0,0.0,0.0
109,07X221,South Bronx Preparatory: A College Board School,Bronx,"(40.813983, -73.920782)",3.0,26.0,2.0,90.0,108.0,9.0,1.0
110,07X223,M.S. 223 The Laboratory School of Finance and Technology,Bronx,"(40.813983, -73.920782)",3.0,26.0,2.0,90.0,108.0,9.0,1.0
111,07X259,"H.E.R.O. High (Health, Education, and Research Occupations High School)",Bronx,"(40.810803, -73.907015)",0.0,24.0,0.0,18.0,15.0,0.0,2.0
112,07X334,International Community High School,Bronx,"(40.81004, -73.917792)",3.0,18.0,3.0,98.0,42.0,6.0,2.0
113,07X427,Community School for Social Justice,Bronx,"(40.815938, -73.930386)",0.0,24.0,0.0,9.0,11.0,4.0,0.0
114,07X473,Mott Haven Village Preparatory High School,Bronx,"(40.81825, -73.91103)",4.0,23.0,1.0,73.0,87.0,6.0,2.0
115,07X495,University Heights Secondary School,Bronx,"(40.81825, -73.91103)",4.0,23.0,1.0,73.0,87.0,6.0,2.0
116,07X500,Hostos-Lincoln Academy of Science,Bronx,"(40.815498, -73.91224)",0.0,24.0,3.0,44.0,83.0,11.0,4.0
117,07X520,Foreign Language Academy of Global Studies,Bronx,"(40.811162, -73.909804)",0.0,24.0,3.0,36.0,14.0,1.0,4.0
118,07X522,Bronx Design and Construction Academy,Bronx,"(40.818232, -73.919867)",0.0,33.0,3.0,46.0,112.0,8.0,1.0
119,07X527,Bronx Leadership Academy II High School,Bronx,"(40.82231, -73.923829)",0.0,22.0,1.0,42.0,15.0,0.0,1.0
120,07X547,New Explorers High School,Bronx,"(40.82231, -73.923829)",0.0,22.0,1.0,42.0,15.0,0.0,1.0
121,07X548,Urban Assembly School for Careers in Sports,Bronx,"(40.82231, -73.923829)",0.0,22.0,1.0,42.0,15.0,0.0,1.0
122,07X551,The Urban Assembly Bronx Academy of Letters,Bronx,"(40.813641, -73.925313)",0.0,22.0,4.0,82.0,90.0,6.0,0.0
123,07X600,Alfred E. Smith Career and Technical Education High School,Bronx,"(40.818232, -73.919867)",0.0,33.0,3.0,46.0,112.0,8.0,1.0
124,07X670,Health Opportunities High School,Bronx,"(40.815938, -73.930386)",0.0,24.0,0.0,9.0,11.0,4.0,0.0
125,08X269,Bronx Studio School for Writers and Artists,Bronx,"(40.820579, -73.893128)",0.0,47.0,1.0,74.0,66.0,9.0,1.0
126,08X282,Women's Academy of Excellence,Bronx,"(40.814833, -73.85658)",8.0,0.0,0.0,7.0,4.0,5.0,0.0
127,08X293,Renaissance High School for Musical Theater & Technology,Bronx,"(40.840702, -73.838545)",9.0,10.0,1.0,2.0,10.0,0.0,2.0
128,08X305,Pablo Neruda Academy,Bronx,"(40.82229, -73.856167)",0.0,8.0,0.0,16.0,13.0,7.0,1.0
129,08X312,Millennium Art Academy,Bronx,"(40.82229, -73.856167)",0.0,8.0,0.0,16.0,13.0,7.0,1.0
130,08X332,Holcombe L. Rucker School of Community Research,Bronx,"(40.817512, -73.898212)",0.0,32.0,1.0,56.0,79.0,7.0,0.0
131,08X348,Schuylerville Preparatory High School,Bronx,"(40.840702, -73.838545)",9.0,10.0,1.0,2.0,10.0,0.0,2.0
132,08X349,Bronx River High School,Bronx,"(40.840702, -73.838545)",9.0,10.0,1.0,2.0,10.0,0.0,2.0
133,08X367,"Archimedes Academy for Math, Science and Technology Applications",Bronx,"(40.814833, -73.85658)",8.0,0.0,0.0,7.0,4.0,5.0,0.0
134,08X376,Antonia Pantoja Preparatory Academy: A College Board School,Bronx,"(40.82229, -73.856167)",0.0,8.0,0.0,16.0,13.0,7.0,1.0
135,08X405,Herbert H. Lehman High School,Bronx,"(40.840702, -73.838545)",9.0,10.0,1.0,2.0,10.0,0.0,2.0
136,08X432,BRONX BRIDGES HIGH SCHOOL,Bronx,"(40.82229, -73.856167)",0.0,8.0,0.0,16.0,13.0,7.0,1.0
137,08X452,Bronx Guild,Bronx,"(40.82229, -73.856167)",0.0,8.0,0.0,16.0,13.0,7.0,1.0
138,08X519,"Felisa Rincon de Gautier Institute for Law and Public Policy, The",Bronx,"(40.821146, -73.881479)",1.0,17.0,0.0,15.0,11.0,0.0,3.0
139,08X530,Banana Kelly High School,Bronx,"(40.817512, -73.898212)",0.0,32.0,1.0,56.0,79.0,7.0,0.0
140,08X558,Westchester Square Academy,Bronx,"(40.840702, -73.838545)",9.0,10.0,1.0,2.0,10.0,0.0,2.0
141,08X559,School for Tourism and Hospitality,Bronx,"(40.821675, -73.903546)",4.0,19.0,4.0,66.0,39.0,10.0,0.0
142,08X561,Bronx Compass High School,Bronx,"(40.82229, -73.856167)",0.0,8.0,0.0,16.0,13.0,7.0,1.0
143,09X227,Bronx Collegiate Academy,Bronx,"(40.840422, -73.91091)",2.0,25.0,1.0,66.0,40.0,7.0,0.0
144,09X231,Eagle Academy for Young Men,Bronx,"(40.844958, -73.89705)",34.0,41.0,2.0,50.0,72.0,1.0,2.0
145,09X241,"Urban Assembly School for Applied Math and Science, The",Bronx,"(40.839244, -73.901316)",12.0,21.0,0.0,25.0,12.0,4.0,3.0
146,09X250,Eximius College Preparatory Academy: A College Board School,Bronx,"(40.833665, -73.902499)",15.0,20.0,3.0,69.0,37.0,5.0,0.0
147,09X252,Mott Hall Bronx High School,Bronx,"(40.839244, -73.901316)",12.0,21.0,0.0,25.0,12.0,4.0,3.0
148,09X260,Bronx Center for Science and Mathematics,Bronx,"(40.833665, -73.902499)",15.0,20.0,3.0,69.0,37.0,5.0,0.0
149,09X263,Validus Preparatory Academy: An Expeditionary Learning School,Bronx,"(40.839244, -73.901316)",12.0,21.0,0.0,25.0,12.0,4.0,3.0
150,09X276,Leadership Institute,Bronx,"(40.840891, -73.898166)",12.0,22.0,1.0,35.0,61.0,6.0,5.0
151,09X297,Morris Academy for Collaborative Studies,Bronx,"(40.827642, -73.904473)",8.0,19.0,2.0,76.0,41.0,4.0,0.0
152,09X324,Bronx Early College Academy for Teaching & Learning,Bronx,"(40.828696, -73.917668)",0.0,28.0,2.0,79.0,70.0,0.0,4.0
153,09X327,Comprehensive Model School Project M.S. 327,Bronx,"(40.842495, -73.916082)",48.0,49.0,1.0,61.0,51.0,5.0,1.0
154,09X329,DreamYard Preparatory School,Bronx,"(40.840422, -73.91091)",2.0,25.0,1.0,66.0,40.0,7.0,0.0
155,09X350,New Directions Secondary School,Bronx,"(40.840422, -73.91091)",2.0,25.0,1.0,66.0,40.0,7.0,0.0
156,09X365,Academy for Language and Technology,Bronx,"(40.849623, -73.91607)",40.0,28.0,2.0,57.0,22.0,4.0,1.0
157,09X403,Bronx International High School,Bronx,"(40.827642, -73.904473)",8.0,19.0,2.0,76.0,41.0,4.0,0.0
158,09X404,School for Excellence,Bronx,"(40.827642, -73.904473)",8.0,19.0,2.0,76.0,41.0,4.0,0.0
159,09X412,Bronx High School of Business,Bronx,"(40.840422, -73.91091)",2.0,25.0,1.0,66.0,40.0,7.0,0.0
160,09X413,Bronx High School for Medical Science,Bronx,"(40.840422, -73.91091)",2.0,25.0,1.0,66.0,40.0,7.0,0.0
161,09X505,"Bronx School for Law, Government and Justice",Bronx,"(40.827607, -73.918681)",1.0,28.0,2.0,82.0,74.0,1.0,4.0
162,09X517,Frederick Douglass Academy III Secondary School,Bronx,"(40.833511, -73.90449)",14.0,27.0,4.0,89.0,40.0,5.0,0.0
163,09X525,Bronx Leadership Academy High School,Bronx,"(40.843588, -73.903236)",58.0,43.0,1.0,61.0,73.0,0.0,0.0
164,09X543,High School for Violin and Dance,Bronx,"(40.827642, -73.904473)",8.0,19.0,2.0,76.0,41.0,4.0,0.0
165,09X564,Claremont International HS,Bronx,"(40.840422, -73.91091)",2.0,25.0,1.0,66.0,40.0,7.0,0.0
166,19K422,Spring Creek Community School,Brooklyn,"(40.657459, -73.874756)",,,,,,,
167,09X568,Young Women's Leadership School of the Bronx,Bronx,"(40.848516, -73.908427)",,,,,,,
168,10X141,Riverdale / Kingsbridge Academy (Middle School / High School 141),Bronx,"(40.888338, -73.913486)",3.0,7.0,1.0,0.0,1.0,0.0,1.0
169,10X213,Bronx Engineering and Technology Academy,Bronx,"(40.877105, -73.912256)",1.0,10.0,2.0,10.0,4.0,4.0,0.0
170,10X225,Theatre Arts Production Company School,Bronx,"(40.854493, -73.896717)",120.0,32.0,0.0,85.0,78.0,3.0,0.0
171,10X237,"The Marie Curie School for Medicine, Nursing, and Health Professions",Bronx,"(40.875911, -73.901099)",1.0,17.0,0.0,17.0,12.0,1.0,1.0
172,10X243,West Bronx Academy for the Future,Bronx,"(40.860043, -73.888267)",97.0,17.0,0.0,40.0,33.0,2.0,2.0
173,10X264,Bronx Academy for Software Engineering (BASE),Bronx,"(40.855698, -73.882715)",84.0,16.0,1.0,34.0,16.0,2.0,2.0
174,10X268,Kingsbridge International High School,Bronx,"(40.870293, -73.898309)",20.0,18.0,1.0,29.0,18.0,1.0,1.0
175,10X284,Bronx School of Law and Finance,Bronx,"(40.877105, -73.912256)",1.0,10.0,2.0,10.0,4.0,4.0,0.0
176,10X342,International School for Liberal Arts,Bronx,"(40.870293, -73.898309)",20.0,18.0,1.0,29.0,18.0,1.0,1.0
177,10X351,Bronx Collaborative High School,Bronx,"(40.882178, -73.88691)",5.0,7.0,1.0,8.0,7.0,4.0,1.0
178,10X353,World View High School,Bronx,"(40.882178, -73.88691)",5.0,7.0,1.0,8.0,7.0,4.0,1.0
179,10X368,In-Tech Academy (M.S. / High School 368),Bronx,"(40.879368, -73.909896)",2.0,10.0,3.0,8.0,8.0,4.0,0.0
180,10X374,Knowledge and Power Preparatory Academy International High School (Kappa),Bronx,"(40.860043, -73.888267)",97.0,17.0,0.0,40.0,33.0,2.0,2.0
181,10X433,High School for Teaching and the Professions,Bronx,"(40.870293, -73.898309)",20.0,18.0,1.0,29.0,18.0,1.0,1.0
182,10X434,Belmont Preparatory High School,Bronx,"(40.860043, -73.888267)",97.0,17.0,0.0,40.0,33.0,2.0,2.0
183,10X437,Fordham High School for the Arts,Bronx,"(40.860043, -73.888267)",97.0,17.0,0.0,40.0,33.0,2.0,2.0
184,10X438,Fordham Leadership Academy for Business and Technology,Bronx,"(40.860043, -73.888267)",97.0,17.0,0.0,40.0,33.0,2.0,2.0
185,10X439,Bronx High School for Law and Community Service,Bronx,"(40.860043, -73.888267)",97.0,17.0,0.0,40.0,33.0,2.0,2.0
186,10X440,DeWitt Clinton High School,Bronx,"(40.882178, -73.88691)",5.0,7.0,1.0,8.0,7.0,4.0,1.0
187,10X442,"Celia Cruz Bronx High School of Music, The",Bronx,"(40.870293, -73.898309)",20.0,18.0,1.0,29.0,18.0,1.0,1.0
188,10X445,Bronx High School of Science,Bronx,"(40.87759, -73.89104)",0.0,4.0,0.0,1.0,6.0,0.0,0.0
189,10X477,Marble Hill High School for International Studies,Bronx,"(40.877105, -73.912256)",1.0,10.0,2.0,10.0,4.0,4.0,0.0
190,10X524,Crotona International High School,Bronx,"(40.855698, -73.882715)",84.0,16.0,1.0,34.0,16.0,2.0,2.0
191,10X546,Bronx Theatre High School,Bronx,"(40.877105, -73.912256)",1.0,10.0,2.0,10.0,4.0,4.0,0.0
192,10X549,Discovery High School,Bronx,"(40.870293, -73.898309)",20.0,18.0,1.0,29.0,18.0,1.0,1.0
193,10X565,High School for Energy and Technology,Bronx,"(40.855698, -73.882715)",84.0,16.0,1.0,34.0,16.0,2.0,2.0
194,10X696,High School of American Studies at Lehman College,Bronx,"(40.873938, -73.895382)",2.0,4.0,0.0,12.0,7.0,0.0,0.0
195,11X249,Bronx Health Sciences High School,Bronx,"(40.874091, -73.833904)",0.0,14.0,0.0,9.0,3.0,2.0,0.0
196,11X253,Bronx High School for Writing and Communication Arts,Bronx,"(40.875953, -73.86197)",0.0,13.0,2.0,25.0,19.0,3.0,1.0
197,11X265,Bronx Lab School,Bronx,"(40.875953, -73.86197)",0.0,13.0,2.0,25.0,19.0,3.0,1.0
198,11X270,Academy for Scholarship and Entrepreneurship: A College Board School,Bronx,"(40.887831, -73.852694)",3.0,11.0,0.0,76.0,71.0,0.0,0.0
199,11X275,High School of Computers and Technology,Bronx,"(40.875953, -73.86197)",0.0,13.0,2.0,25.0,19.0,3.0,1.0
200,11X288,Collegiate Institute for Math and Science,Bronx,"(40.859665, -73.861006)",1.0,4.0,2.0,24.0,9.0,3.0,0.0
201,11X290,Bronx Academy of Health Careers,Bronx,"(40.875953, -73.86197)",,,,,,,
202,11X299,Astor Collegiate Academy,Bronx,"(40.859665, -73.861006)",,,,,,,
203,11X418,Bronx High School for the Visual Arts,Bronx,"(40.851405, -73.865036)",,,,,,,
204,11X455,Harry S Truman High School,Bronx,"(40.874091, -73.833904)",,,,,,,
205,11X508,Bronxdale High School,Bronx,"(40.859665, -73.861006)",,,,,,,
206,11X509,High School of Language and Innovation,Bronx,"(40.859665, -73.861006)",,,,,,,
207,11X513,New World High School,Bronx,"(40.887831, -73.852694)",3.0,11.0,0.0,76.0,71.0,0.0,0.0
208,11X514,The Bronxwood Preparatory Academy,Bronx,"(40.887831, -73.852694)",,,,,,,
209,11X542,Pelham Preparatory Academy,Bronx,"(40.859665, -73.861006)",,,,,,,
210,11X544,High School for Contemporary Arts,Bronx,"(40.875953, -73.86197)",,,,,,,
211,11X545,Bronx Aerospace High School,Bronx,"(40.875953, -73.86197)",,,,,,,
212,12X242,Mott Hall V,Bronx,"(40.831416, -73.877785)",,,,,,,
213,12X248,"Metropolitan High School, The",Bronx,"(40.827315, -73.897612)",,,,,,,
214,12X251,Explorations Academy,Bronx,"(40.8359, -73.890458)",,,,,,,
215,12X267,Bronx Latin,Bronx,"(40.827743, -73.900105)",,,,,,,
216,12X271,East Bronx Academy for the Future,Bronx,"(40.836356, -73.888361)",,,,,,,
217,12X278,Peace and Diversity Academy,Bronx,"(40.827315, -73.897612)",3.0,14.0,1.0,68.0,44.0,0.0,0.0
218,12X372,Urban Assembly School for Wildlife Conservation,Bronx,"(40.843945, -73.884788)",,,,,,,
219,12X388,Pan American International High School at Monroe,Bronx,"(40.831601, -73.878912)",,,,,,,
220,12X478,THE CINEMA SCHOOL,Bronx,"(40.831416, -73.877785)",,,,,,,
221,12X511,Bronx Envision Academy,Bronx,"(40.8359, -73.890458)",,,,,,,
222,16K594,Gotham Professional Arts Academy,Brooklyn,"(40.680463, -73.922264)",,,,,,,
223,12X521,The Metropolitan Soundview High School,Bronx,"(40.831601, -73.878912)",,,,,,,
224,12X550,High School of World Cultures,Bronx,"(40.831601, -73.878912)",,,,,,,
225,14K614,Young Women's Leadership School of Brooklyn,Brooklyn,"(40.705204, -73.939407)",,,,,,,
226,12X682,Fannie Lou Hamer Freedom High School,Bronx,"(40.83087, -73.88626)",,,,,,,
227,12X684,Wings Academy,Bronx,"(40.841794, -73.875366)",,,,,,,
228,12X692,Monroe Academy for Visual Arts & Design,Bronx,"(40.831601, -73.878912)",,,,,,,
229,13K265,Dr. Susan S. McKinney Secondary School of the Arts,Brooklyn,"(40.696324, -73.97578)",,,,,,,
230,13K350,Urban Assembly High School of Music and Art,Brooklyn,"(40.697339, -73.985016)",,,,,,,
231,13K412,"Brooklyn Community High School of Communication, Arts and Media",Brooklyn,"(40.692642, -73.958794)",,,,,,,
232,13K419,"Science Skills Center High School for Science, Technology and the Creative Arts",Brooklyn,"(40.697339, -73.985016)",,,,,,,
233,13K430,Brooklyn Technical High School,Brooklyn,"(40.688834, -73.976905)",,,,,,,
234,13K439,Brooklyn International High School,Brooklyn,"(40.697339, -73.985016)",,,,,,,
235,13K483,The Urban Assembly School for Law and Justice,Brooklyn,"(40.694682, -73.988853)",,,,,,,
236,13K499,ACORN Community High School,Brooklyn,"(40.678488, -73.962105)",,,,,,,
237,13K527,Urban Assembly Institute of Math and Science for Young Women,Brooklyn,"(40.694682, -73.988853)",,,,,,,
238,13K595,Bedford Academy High School,Brooklyn,"(40.68538, -73.954302)",,,,,,,
239,13K605,George Westinghouse Career and Technical Education High School,Brooklyn,"(40.694926, -73.986015)",,,,,,,
240,13K670,Benjamin Banneker Academy,Brooklyn,"(40.695332, -73.969243)",,,,,,,
241,13K674,"City Polytechnic High School of Engineering, Architecture, and Technology",Brooklyn,"(40.694926, -73.986015)",,,,,,,
242,14K071,Juan Morel Campos Secondary School,Brooklyn,"(40.703624, -73.953146)",,,,,,,
243,14K322,Foundations Academy,Brooklyn,"(40.697152, -73.946641)",,,,,,,
244,14K449,"Brooklyn Latin School, The",Brooklyn,"(40.709941, -73.943641)",,,,,,,
245,14K454,Green School: An Academy for Environmental Careers,Brooklyn,"(40.709941, -73.943641)",,,,,,,
246,14K474,PROGRESS High School for Professional Careers,Brooklyn,"(40.712184, -73.939722)",,,,,,,
247,14K477,School for Legal Studies,Brooklyn,"(40.712184, -73.939722)",,,,,,,
248,14K478,"The High School for Enterprise, Business and Technology",Brooklyn,"(40.712184, -73.939722)",,,,,,,
249,14K488,Brooklyn Preparatory High School,Brooklyn,"(40.715073, -73.954754)",,,,,,,
250,14K558,Williamsburg High School for Architecture and Design,Brooklyn,"(40.715073, -73.954754)",,,,,,,
251,14K561,Williamsburg Preparatory School,Brooklyn,"(40.715073, -73.954754)",,,,,,,
252,14K586,Lyons Community School,Brooklyn,"(40.709941, -73.943641)",,,,,,,
253,14K610,Automotive High School,Brooklyn,"(40.721981, -73.953281)",,,,,,,
254,14K632,Frances Perkins Academy,Brooklyn,"(40.721981, -73.953281)",,,,,,,
255,14K685,El Puente Academy for Peace and Justice,Brooklyn,"(40.705898, -73.955611)",,,,,,,
256,15K423,Brooklyn Frontiers High School,Brooklyn,"(40.690145, -73.989132)",,,,,,,
257,15K429,Brooklyn School for Global Studies,Brooklyn,"(40.685419, -73.993351)",,,,,,,
258,15K448,Brooklyn Secondary School for Collaborative Studies,Brooklyn,"(40.68007, -74.001377)",,,,,,,
259,15K462,Secondary School for Law,Brooklyn,"(40.669629, -73.979287)",,,,,,,
260,15K463,Secondary School for Journalism,Brooklyn,"(40.669629, -73.979287)",146.0,17.0,2.0,1.0,7.0,0.0,1.0
261,15K464,Park Slope Collegiate,Brooklyn,"(40.669629, -73.979287)",,,,,,,
262,15K497,School for International Studies,Brooklyn,"(40.685419, -73.993351)",,,,,,,
263,15K519,Cobble Hill School of American Studies,Brooklyn,"(40.684524, -73.990993)",,,,,,,
264,15K592,Khalil Gibran International Academy,Brooklyn,"(40.686499, -73.979649)",,,,,,,
265,15K656,Brooklyn High School of the Arts,Brooklyn,"(40.683559, -73.98027)",,,,,,,
266,15K667,Sunset Park High School,Brooklyn,"(40.65571, -74.005197)",,,,,,,
267,15K684,Millennium Brooklyn HS,Brooklyn,"(40.669629, -73.979287)",,,,,,,
268,16K393,Frederick Douglass Academy IV Secondary School,Brooklyn,"(40.692126, -73.931731)",,,,,,,
269,16K455,Boys and Girls High School,Brooklyn,"(40.67944, -73.932407)",,,,,,,
270,16K498,Brooklyn High School for Law and Technology,Brooklyn,"(40.688831, -73.920906)",,,,,,,
271,16K688,The Brooklyn Academy of Global Finance,Brooklyn,"(40.691274, -73.933697)",,,,,,,
272,16K765,Nelson Mandela High School,Brooklyn,"(40.67944, -73.932407)",,,,,,,
273,17K122,Pathways in Technology Early College High School (P-Tech),Brooklyn,"(40.675612, -73.938843)",,,,,,,
274,17K382,Academy for College Preparation and Career Exploration: A College Board School,Brooklyn,"(40.649787, -73.95855)",,,,,,,
275,17K408,Academy of Hospitality and Tourism,Brooklyn,"(40.649787, -73.95855)",,,,,,,
276,17K524,International High School at Prospect Heights,Brooklyn,"(40.670349, -73.961695)",,,,,,,
277,17K528,The High School for Global Citizenship,Brooklyn,"(40.670349, -73.961695)",,,,,,,
278,17K531,"School for Human Rights, The",Brooklyn,"(40.658893, -73.942458)",,,,,,,
279,17K533,School for Democracy and Leadership,Brooklyn,"(40.658893, -73.942458)",,,,,,,
280,17K537,High School for Youth and Community Development at Erasmus,Brooklyn,"(40.649787, -73.95855)",,,,,,,
281,17K539,High School for Service & Learning at Erasmus,Brooklyn,"(40.649787, -73.95855)",,,,,,,
282,17K543,"Science, Technology and Research Early College High School at Erasmus",Brooklyn,"(40.649787, -73.95855)",,,,,,,
283,17K546,High School for Public Service: Heroes of Tomorrow,Brooklyn,"(40.658893, -73.942458)",,,,,,,
284,17K547,Brooklyn Academy of Science and the Environment,Brooklyn,"(40.670349, -73.961695)",,,,,,,
285,17K548,Brooklyn School for Music & Theatre,Brooklyn,"(40.670349, -73.961695)",,,,,,,
286,17K590,Medgar Evers College Preparatory School,Brooklyn,"(40.667195, -73.951167)",,,,,,,
287,17K600,Clara Barton High School,Brooklyn,"(40.669567, -73.961962)",13.0,13.0,0.0,39.0,9.0,7.0,1.0
288,17K745,Brooklyn Institute for Liberal Arts,Brooklyn,"(40.658893, -73.942458)",,,,,,,
289,17K751,Academy for Health Careers,Brooklyn,"(40.675612, -73.938843)",,,,,,,
290,18K563,It Takes a Village Academy,Brooklyn,"(40.648657, -73.922171)",,,,,,,
291,18K566,Brooklyn Generation School,Brooklyn,"(40.633285, -73.916735)",,,,,,,
292,18K567,Brooklyn Theatre Arts High School,Brooklyn,"(40.633285, -73.916735)",,,,,,,
293,18K569,Kurt Hahn Expeditionary Learning School,Brooklyn,"(40.648657, -73.922171)",,,,,,,
294,18K576,Victory Collegiate High School,Brooklyn,"(40.633285, -73.916735)",,,,,,,
295,18K589,Arts & Media Preparatory Academy,Brooklyn,"(40.65843, -73.929076)",,,,,,,
296,18K617,High School for Innovation in Advertising and Media,Brooklyn,"(40.641474, -73.898254)",,,,,,,
297,18K629,Cultural Academy for the Arts and Sciences,Brooklyn,"(40.648657, -73.922171)",,,,,,,
298,18K633,High School for Medical Professions,Brooklyn,"(40.641474, -73.898254)",,,,,,,
299,18K637,Academy for Conservation and the Environment,Brooklyn,"(40.633285, -73.916735)",,,,,,,
300,18K642,Urban Action Academy,Brooklyn,"(40.641474, -73.898254)",,,,,,,
301,19K404,Academy for Young Writers,Brooklyn,"(40.657459, -73.874756)",,,,,,,
302,19K409,East New York Family Academy,Brooklyn,"(40.661072, -73.886942)",,,,,,,
303,19K502,FDNY High School for Fire and Life Safety,Brooklyn,"(40.667456, -73.894747)",,,,,,,
304,19K504,High School for Civil Rights,Brooklyn,"(40.667456, -73.894747)",,,,,,,
305,19K507,Performing Arts and Technology High School,Brooklyn,"(40.667456, -73.894747)",,,,,,,
306,19K510,World Academy for Total Community Health High School,Brooklyn,"(40.667456, -73.894747)",,,,,,,
307,19K583,Multicultural High School,Brooklyn,"(40.691146, -73.868328)",40.0,6.0,0.0,1.0,7.0,6.0,0.0
308,19K615,Transit Tech Career and Technical Education High School,Brooklyn,"(40.678276, -73.87596)",,,,,,,
309,19K618,Academy of Innovative Technology,Brooklyn,"(40.691146, -73.868328)",,,,,,,
310,19K639,Brooklyn Lab School,Brooklyn,"(40.691146, -73.868328)",,,,,,,
311,19K659,Cypress Hills Collegiate Preparatory School,Brooklyn,"(40.691146, -73.868328)",,,,,,,
312,19K660,W. H. Maxwell Career and Technical Education High School,Brooklyn,"(40.674135, -73.89643)",,,,,,,
313,19K683,"The School for Classics: An Academy of Thinkers, Writers and Performers",Brooklyn,"(40.670724, -73.874208)",,,,,,,
314,19K764,The Urban Assembly School for Collaborative Healthcare,Brooklyn,"(40.691146, -73.868328)",,,,,,,
315,20K445,New Utrecht High School,Brooklyn,"(40.613262, -74.003404)",,,,,,,
316,20K485,High School of Telecommunication Arts and Technology,Brooklyn,"(40.637282, -74.023849)",,,,,,,
317,20K490,Fort Hamilton High School,Brooklyn,"(40.627835, -74.040046)",,,,,,,
318,20K505,Franklin Delano Roosevelt High School,Brooklyn,"(40.620446, -73.981795)",,,,,,,
319,20K609,Urban Assembly School for Criminal Justice,Brooklyn,"(40.634875, -73.981528)",,,,,,,
320,21K337,International High School at Lafayette,Brooklyn,"(40.594291, -73.98577)",,,,,,,
321,21K344,Rachel Carson High School for Coastal Studies,Brooklyn,"(40.582533, -73.973132)",,,,,,,
322,21K348,High School of Sports Management,Brooklyn,"(40.594291, -73.98577)",,,,,,,
323,21K410,Abraham Lincoln High School,Brooklyn,"(40.581681, -73.967308)",,,,,,,
324,21K468,Kingsborough Early College School,Brooklyn,"(40.594291, -73.98577)",,,,,,,
325,21K525,Edward R. Murrow High School,Brooklyn,"(40.620525, -73.959285)",,,,,,,
326,21K540,John Dewey High School,Brooklyn,"(40.589268, -73.981738)",,,,,,,
327,21K559,Life Academy High School for Film and Music,Brooklyn,"(40.594291, -73.98577)",,,,,,,
328,21K572,Expeditionary Learning School for Community Leaders,Brooklyn,"(40.594291, -73.98577)",,,,,,,
329,21K620,William E. Grady Career and Technical Education High School,Brooklyn,"(40.582585, -73.963477)",,,,,,,
330,21K690,Brooklyn Studio Secondary School,Brooklyn,"(40.604879, -73.994404)",,,,,,,
331,22K405,Midwood High School,Brooklyn,"(40.633237, -73.952929)",,,,,,,
332,22K425,James Madison High School,Brooklyn,"(40.609912, -73.948512)",,,,,,,
333,22K535,Leon M. Goldstein High School for the Sciences,Brooklyn,"(40.580894, -73.935952)",,,,,,,
334,22K555,Brooklyn College Academy,Brooklyn,"(40.649404, -73.971736)",,,,,,,
335,22K611,Origins High School,Brooklyn,"(40.594124, -73.937696)",,,,,,,
336,23K493,Brooklyn Collegiate: A College Board School,Brooklyn,"(40.674103, -73.913273)",,,,,,,
337,23K514,Frederick Douglass Academy VII High School,Brooklyn,"(40.665878, -73.911705)",,,,,,,
338,23K644,Eagle Academy for Young Men II,Brooklyn,"(40.677805, -73.915843)",,,,,,,
339,23K697,Teachers Preparatory High School,Brooklyn,"(40.665878, -73.911705)",,,,,,,
340,24Q236,International High School for Health Sciences,Queens,"(40.741122, -73.874721)",,,,,,,
341,24Q264,Academy of Finance and Enterprise,Queens,"(40.745095, -73.936635)",,,,,,,
342,24Q267,High School of Applied Communication,Queens,"(40.745095, -73.936635)",,,,,,,
343,24Q293,Civic Leadership Academy,Queens,"(40.74373, -73.870642)",,,,,,,
344,24Q296,Pan American International High School,Queens,"(40.74373, -73.870642)",,,,,,,
345,24Q299,Bard High School Early College Queens,Queens,"(40.745095, -73.936635)",,,,,,,
346,24Q455,Newtown High School,Queens,"(40.741122, -73.874721)",,,,,,,
347,24Q485,Grover Cleveland High School,Queens,"(40.711033, -73.908814)",,,,,,,
348,24Q520,Middle College High School at LaGuardia Community College,Queens,"(40.744412, -73.93364)",,,,,,,
349,24Q530,International High School at LaGuardia Community College,Queens,"(40.744412, -73.93364)",,,,,,,
350,24Q550,High School for Arts and Business,Queens,"(40.737427, -73.853178)",,,,,,,
351,24Q560,"Robert F. Wagner, Jr. Secondary School for Arts and Technology",Queens,"(40.742839, -73.936782)",,,,,,,
352,24Q585,Maspeth High School,Queens,"(40.729939, -73.887482)",,,,,,,
353,24Q600,Queens Vocational and Technical High School,Queens,"(40.742205, -73.928219)",,,,,,,
354,24Q610,Aviation Career & Technical Education High School,Queens,"(40.743509, -73.929076)",,,,,,,
355,25Q240,Veritas Academy,Queens,"(40.765166, -73.82789)",,,,,,,
356,25Q241,Queens High School for Language Studies,Queens,"(40.765166, -73.82789)",,,,,,,
357,25Q252,"Queens School of Inquiry, The",Queens,"(40.724458, -73.810216)",,,,,,,
358,25Q263,Flushing International High School,Queens,"(40.759844, -73.820548)",,,,,,,
359,25Q281,East-West School of International Studies,Queens,"(40.749545, -73.822073)",,,,,,,
360,25Q285,World Journalism Preparatory: A College Board School,Queens,"(40.765133, -73.790083)",,,,,,,
361,25Q425,John Bowne High School,Queens,"(40.738139, -73.824944)",,,,,,,
362,25Q460,Flushing High School,Queens,"(40.765166, -73.82789)",,,,,,,
363,25Q525,Townsend Harris High School,Queens,"(40.73439, -73.821392)",,,,,,,
364,25Q670,Robert F. Kennedy Community High School,Queens,"(40.725603, -73.810697)",,,,,,,
365,26Q315,Business Technology Early College High School,Queens,"(40.733066, -73.738756)",,,,,,,
366,26Q415,Benjamin N. Cardozo High School,Queens,"(40.752333, -73.75599)",,,,,,,
367,26Q430,Francis Lewis High School,Queens,"(40.740724, -73.79283)",,,,,,,
368,26Q435,Martin Van Buren High School,Queens,"(40.733066, -73.738756)",,,,,,,
369,26Q495,Bayside High School,Queens,"(40.771755, -73.780296)",,,,,,,
370,26Q566,"Queens High School of Teaching, Liberal Arts and the Sciences",Queens,"(40.746088, -73.727535)",,,,,,,
371,27Q260,Frederick Douglass Academy VI High School,Queens,"(40.60201, -73.762795)",,,,,,,
372,27Q262,Channel View School for Research,Queens,"(40.586066, -73.822624)",,,,,,,
373,27Q302,"Queens High School for Information, Research, and Technology",Queens,"(40.60201, -73.762795)",,,,,,,
374,27Q308,Robert H. Goddard High School of Communication Arts and Technology,Queens,"(40.67124, -73.845141)",,,,,,,
375,27Q309,Academy of Medical Technology: A College Board School,Queens,"(40.60201, -73.762795)",,,,,,,
376,27Q314,Epic High School - South,Queens,"(40.675771, -73.816938)",,,,,,,
377,27Q323,Scholars' Academy,Queens,"(40.584109, -73.825711)",70.0,3.0,1.0,1.0,5.0,2.0,2.0
378,27Q324,Rockaway Park High School for Environmental Sustainability,Queens,"(40.586066, -73.822624)",,,,,,,
379,27Q334,Epic High School - North,Queens,"(40.693006, -73.829407)",,,,,,,
380,27Q351,Rockaway Collegiate High School,Queens,"(40.586066, -73.822624)",,,,,,,
381,27Q400,August Martin High School,Queens,"(40.675633, -73.783342)",,,,,,,
382,27Q475,Richmond Hill High School,Queens,"(40.695888, -73.833681)",,,,,,,
383,27Q480,John Adams High School,Queens,"(40.679639, -73.837298)",,,,,,,
384,27Q650,"High School for Construction Trades, Engineering and Architecture",Queens,"(40.689591, -73.840717)",,,,,,,
385,28Q167,Metropolitan Expeditionary Learning School,Queens,"(40.711367, -73.856698)",,,,,,,
386,28Q284,York Early College Academy,Queens,"(40.69719, -73.787192)",,,,,,,
387,28Q310,Queens Collegiate: A College Board School,Queens,"(40.713218, -73.797237)",,,,,,,
388,28Q325,Hillside Arts & Letters Academy,Queens,"(40.713218, -73.797237)",,,,,,,
389,28Q328,High School for Community Leadership,Queens,"(40.713218, -73.797237)",,,,,,,
390,28Q350,Jamaica Gateway to the Sciences,Queens,"(40.713218, -73.797237)",,,,,,,
391,28Q440,Forest Hills High School,Queens,"(40.729402, -73.845637)",,,,,,,
392,28Q505,Hillcrest High School,Queens,"(40.709446, -73.80166)",,,,,,,
393,28Q620,Thomas A. Edison Career and Technical Education High School,Queens,"(40.715389, -73.800369)",,,,,,,
394,28Q680,Queens Gateway to Health Sciences Secondary School,Queens,"(40.718831, -73.806499)",,,,,,,
395,28Q686,QUEENS METROPOLITAN HIGH SCHOOL,Queens,"(40.711367, -73.856698)",,,,,,,
396,28Q687,Queens High School for the Sciences at York College,Queens,"(40.701049, -73.798151)",,,,,,,
397,28Q690,High School for Law Enforcement and Public Safety,Queens,"(40.686208, -73.784144)",,,,,,,
398,28Q896,"Young Women's Leadership School, Queens",Queens,"(40.707527, -73.806412)",,,,,,,
399,29Q243,Institute for Health Professions at Cambria Heights,Queens,"(40.697819, -73.745728)",,,,,,,
400,29Q248,Queens Preparatory Academy,Queens,"(40.668235, -73.756839)",,,,,,,
401,29Q259,Pathways College Preparatory School: A College Board School,Queens,"(40.70646, -73.753579)",,,,,,,
402,29Q265,Excelsior Preparatory High School,Queens,"(40.668235, -73.756839)",,,,,,,
403,29Q272,George Washington Carver High School for the Sciences,Queens,"(40.668235, -73.756839)",,,,,,,
404,29Q283,Preparatory Academy for Writers: A College Board School,Queens,"(40.668235, -73.756839)",,,,,,,
405,29Q313,Benjamin Franklin High School for Finance & Information Technology,Queens,"(40.697819, -73.745728)",,,,,,,
406,29Q326,Cambria Heights Academy,Queens,"(40.711849, -73.771195)",,,,,,,
407,29Q327,Eagle Academy for Young Men III,Queens,"(40.691712, -73.778923)",,,,,,,
408,29Q492,"Mathematics, Science Research and Technology Magnet High School",Queens,"(40.697819, -73.745728)",,,,,,,
409,29Q498,Humanities & Arts Magnet High School,Queens,"(40.697819, -73.745728)",,,,,,,
410,30Q258,Energy Tech High School,Queens,"(40.757065, -73.932664)",,,,,,,
411,30Q286,"Young Women's Leadership School, Astoria",Queens,"(40.771215, -73.924591)",,,,,,,
412,30Q301,Academy for Careers in Television and Film,Queens,"(40.742956, -73.959196)",,,,,,,
413,30Q445,William Cullen Bryant High School,Queens,"(40.75823, -73.910514)",,,,,,,
414,30Q450,Long Island City High School,Queens,"(40.765826, -73.9328)",,,,,,,
415,30Q501,Frank Sinatra School of the Arts High School,Queens,"(40.756534, -73.925121)",,,,,,,
416,30Q502,Information Technology High School,Queens,"(40.748701, -73.94638)",,,,,,,
417,30Q555,Newcomers High School,Queens,"(40.751356, -73.937445)",,,,,,,
418,30Q575,Academy of American Studies,Queens,"(40.751331, -73.937434)",,,,,,,
419,30Q580,Baccalaureate School for Global Education,Queens,"(40.755366, -73.927169)",,,,,,,
420,31R047,CSI High School for International Studies,Staten Island,"(40.581315, -74.158589)",,,,,,,
421,31R064,Gaynor McCown Expeditionary Learning School,Staten Island,"(40.581315, -74.158589)",,,,,,,
422,31R080,The Michael J. Petrides School,Staten Island,"(40.608517, -74.102078)",,,,,,,
423,31R440,New Dorp High School,Staten Island,"(40.569393, -74.107737)",,,,,,,
424,31R445,Port Richmond High School,Staten Island,"(40.634573, -74.141818)",,,,,,,
425,31R450,Curtis High School,Staten Island,"(40.644735, -74.081222)",,,,,,,
426,31R455,Tottenville High School,Staten Island,"(40.528092, -74.192032)",,,,,,,
427,31R460,Susan E. Wagner High School,Staten Island,"(40.596803, -74.124227)",,,,,,,
428,31R600,Ralph R. McKee Career and Technical Education High School,Staten Island,"(40.642793, -74.07873)",,,,,,,
429,31R605,Staten Island Technical High School,Staten Island,"(40.567873, -74.115373)",,,,,,,
430,32K168,The Brooklyn School for Math and Research,Brooklyn,"(40.69697, -73.910791)",,,,,,,
431,32K403,Academy for Environmental Leadership,Brooklyn,"(40.69697, -73.910791)",,,,,,,
432,32K545,EBC High School for Public Service - Bushwick,Brooklyn,"(40.694507, -73.929107)",,,,,,,
433,32K549,Bushwick School for Social Justice,Brooklyn,"(40.69697, -73.910791)",,,,,,,
434,32K552,Academy of Urban Planning,Brooklyn,"(40.69697, -73.910791)",,,,,,,
435,32K554,All City Leadership Secondary School,Brooklyn,"(40.69737, -73.913171)",,,,,,,
436,32K556,Bushwick Leaders High School for Academic Excellence,Brooklyn,"(40.695056, -73.92814)",,,,,,,
